estado,cuenca,subcuenca,estacion,paso
new,BAYGO(Central Baygorria),SDBAYGO(Directa Baygorria),CPALMA(El Monumento),PTOROS(Paso de los Toros)
new,BAYGO(Central Baygorria),SDBAYGO(Directa Baygorria),CREYLES(Carlos Reyles),PTOROS(Paso de los Toros)
new,BAYGO(Central Baygorria),SDBAYGO(Directa Baygorria),EITACURU(Est. La Fé),PTOROS(Paso de los Toros)
new,BAYGO(Central Baygorria),SDBAYGO(Directa Baygorria),ELCANADA(Est. Las Cañadas),PTOROS(Paso de los Toros)
new,BAYGO(Central Baygorria),SDBAYGO(Directa Baygorria),ELIBERIA(Est. La Iberia),PTOROS(Paso de los Toros)
new,BAYGO(Central Baygorria),SDBAYGO(Directa Baygorria),EMBONETE(E.M. Bonete),PTOROS(Paso de los Toros)
new,BAYGO(Central Baygorria),SDBAYGO(Directa Baygorria),EMPTOROS(E.M. Paso de los Toros),PTOROS(Paso de los Toros)
new,BAYGO(Central Baygorria),SDBAYGO(Directa Baygorria),EOLAZO(Est. Olazo),PTOROS(Paso de los Toros)
new,BAYGO(Central Baygorria),SDBAYGO(Directa Baygorria),EROLON(Est. Rolón - Piquet),PTOROS(Paso de los Toros)
new,BAYGO(Central Baygorria),SDBAYGO(Directa Baygorria),ESREAL(Est. S. Real),PTOROS(Paso de los Toros)
new,BAYGO(Central Baygorria),SDBAYGO(Directa Baygorria),FRANCIA(Est. Francia),PTOROS(Paso de los Toros)
new,BAYGO(Central Baygorria),SDBAYGO(Directa Baygorria),SALSI(Salsipuedes),PTOROS(Paso de los Toros)
new,BAYGO(Central Baygorria),SDBAYGO(Directa Baygorria),SARNAVA(Sarandí de Navarro),PTOROS(Paso de los Toros)
new,BAYGO(Central Baygorria),SDBAYGO(Directa Baygorria),UBAYGO(UTE Baygorria),PTOROS(Paso de los Toros)
new,BAYGO(Central Baygorria),SSALSI(Salsipuedes),EITACURU(Est. La Fé),SALSIR20(Salsipuedes Ruta 20)
new,BAYGO(Central Baygorria),SSALSI(Salsipuedes),EMQUADRO(Est. M.J.Quadros),SALSIR20(Salsipuedes Ruta 20)
new,BAYGO(Central Baygorria),SSALSI(Salsipuedes),FRANCIA(Est. Francia),SALSIR20(Salsipuedes Ruta 20)
new,BAYGO(Central Baygorria),SSALSI(Salsipuedes),PERALTA(Peralta),SALSIR20(Salsipuedes Ruta 20)
new,BAYGO(Central Baygorria),SSALSI(Salsipuedes),PSOLA(Piedra Sola),SALSIR20(Salsipuedes Ruta 20)
new,BAYGO(Central Baygorria),SSALSI(Salsipuedes),SALSI(Salsipuedes),SALSIR20(Salsipuedes Ruta 20)
new,BAYGO(Central Baygorria),SSALSI(Salsipuedes),SARBOL(Arbolito (Salsipuedes)),SALSIR20(Salsipuedes Ruta 20)
new,BAYGO(Central Baygorria),SSALSI(Salsipuedes),TIATUC(Tiatucurá),SALSIR20(Salsipuedes Ruta 20)
new,BRNEGRO(Bajo Río Negro),SDERURUG(Desemb. en Río Uruguay),CANITAS(Cañitas),DOLORES(Dolores (Río San Salvador))
new,BRNEGRO(Bajo Río Negro),SDERURUG(Desemb. en Río Uruguay),CANITAS(Cañitas),VSORIA(Villa Soriano)
new,BRNEGRO(Bajo Río Negro),SDERURUG(Desemb. en Río Uruguay),EJIDO(Ejido),DOLORES(Dolores (Río San Salvador))
new,BRNEGRO(Bajo Río Negro),SDERURUG(Desemb. en Río Uruguay),EJIDO(Ejido),VSORIA(Villa Soriano)
new,BRNEGRO(Bajo Río Negro),SDERURUG(Desemb. en Río Uruguay),EMMERCE(E.M. Mercedes),DOLORES(Dolores (Río San Salvador))
new,BRNEGRO(Bajo Río Negro),SDERURUG(Desemb. en Río Uruguay),EMMERCE(E.M. Mercedes),VSORIA(Villa Soriano)
new,BRNEGRO(Bajo Río Negro),SDERURUG(Desemb. en Río Uruguay),VSORIA(Villa Soriano),DOLORES(Dolores (Río San Salvador))
new,BRNEGRO(Bajo Río Negro),SDERURUG(Desemb. en Río Uruguay),VSORIA(Villa Soriano),VSORIA(Villa Soriano)
new,BRNEGRO(Bajo Río Negro),SMERCE(Mercedes),ACORTO(Arroyo Corto),MERCE(Mercedes)
new,BRNEGRO(Bajo Río Negro),SMERCE(Mercedes),EGANA(Egaña),MERCE(Mercedes)
new,BRNEGRO(Bajo Río Negro),SMERCE(Mercedes),EJIDO(Ejido),MERCE(Mercedes)
new,BRNEGRO(Bajo Río Negro),SMERCE(Mercedes),EMMERCE(E.M. Mercedes),MERCE(Mercedes)
new,BRNEGRO(Bajo Río Negro),SMERCE(Mercedes),EMYOUNG(E.M. Young),MERCE(Mercedes)
new,BRNEGRO(Bajo Río Negro),SMERCE(Mercedes),LLAGUNA(La Laguna),MERCE(Mercedes)
new,BRNEGRO(Bajo Río Negro),SMERCE(Mercedes),PALMITAS(Palmitas),MERCE(Mercedes)
new,BRNEGRO(Bajo Río Negro),SMERCE(Mercedes),RCOLOLO(Rincón de Cololó),MERCE(Mercedes)
new,BRNEGRO(Bajo Río Negro),SMERCE(Mercedes),SANGRAN(Sánchez Grande),MERCE(Mercedes)
new,BRNEGRO(Bajo Río Negro),SMERCE(Mercedes),VDARWIN(Villa Darwin),MERCE(Mercedes)
new,GTERRA(Central Rincón del Bonete),SARNEGRO(Alto Río Negro),ACEGUA(Aceguá),AGUIAR(Aguiar)
new,GTERRA(Central Rincón del Bonete),SARNEGRO(Alto Río Negro),ACEGUA(Aceguá),MAZAN(Mazangano)
new,GTERRA(Central Rincón del Bonete),SARNEGRO(Alto Río Negro),ACEGUA(Aceguá),PEREI(Pereira)
new,GTERRA(Central Rincón del Bonete),SARNEGRO(Alto Río Negro),ACEGUA(Aceguá),PPIEDRAS(Paso Las Piedras)
new,GTERRA(Central Rincón del Bonete),SARNEGRO(Alto Río Negro),BMEDINA(Bañado de Medina),AGUIAR(Aguiar)
new,GTERRA(Central Rincón del Bonete),SARNEGRO(Alto Río Negro),BMEDINA(Bañado de Medina),MAZAN(Mazangano)
new,GTERRA(Central Rincón del Bonete),SARNEGRO(Alto Río Negro),BMEDINA(Bañado de Medina),PEREI(Pereira)
new,GTERRA(Central Rincón del Bonete),SARNEGRO(Alto Río Negro),BMEDINA(Bañado de Medina),PPIEDRAS(Paso Las Piedras)
new,GTERRA(Central Rincón del Bonete),SARNEGRO(Alto Río Negro),BVISTA(Buena Vista),AGUIAR(Aguiar)
new,GTERRA(Central Rincón del Bonete),SARNEGRO(Alto Río Negro),BVISTA(Buena Vista),MAZAN(Mazangano)
new,GTERRA(Central Rincón del Bonete),SARNEGRO(Alto Río Negro),BVISTA(Buena Vista),PEREI(Pereira)
new,GTERRA(Central Rincón del Bonete),SARNEGRO(Alto Río Negro),BVISTA(Buena Vista),PPIEDRAS(Paso Las Piedras)
new,GTERRA(Central Rincón del Bonete),SARNEGRO(Alto Río Negro),CARANORTE(Caraguatá Norte),AGUIAR(Aguiar)
new,GTERRA(Central Rincón del Bonete),SARNEGRO(Alto Río Negro),CARANORTE(Caraguatá Norte),MAZAN(Mazangano)
new,GTERRA(Central Rincón del Bonete),SARNEGRO(Alto Río Negro),CARANORTE(Caraguatá Norte),PEREI(Pereira)
new,GTERRA(Central Rincón del Bonete),SARNEGRO(Alto Río Negro),CARANORTE(Caraguatá Norte),PPIEDRAS(Paso Las Piedras)
new,GTERRA(Central Rincón del Bonete),SARNEGRO(Alto Río Negro),CARASUR(Caraguatá Sur),AGUIAR(Aguiar)
new,GTERRA(Central Rincón del Bonete),SARNEGRO(Alto Río Negro),CARASUR(Caraguatá Sur),MAZAN(Mazangano)
new,GTERRA(Central Rincón del Bonete),SARNEGRO(Alto Río Negro),CARASUR(Caraguatá Sur),PEREI(Pereira)
new,GTERRA(Central Rincón del Bonete),SARNEGRO(Alto Río Negro),CARASUR(Caraguatá Sur),PPIEDRAS(Paso Las Piedras)
new,GTERRA(Central Rincón del Bonete),SARNEGRO(Alto Río Negro),CCARMEN(Cuchilla del Carmen),AGUIAR(Aguiar)
new,GTERRA(Central Rincón del Bonete),SARNEGRO(Alto Río Negro),CCARMEN(Cuchilla del Carmen),MAZAN(Mazangano)
new,GTERRA(Central Rincón del Bonete),SARNEGRO(Alto Río Negro),CCARMEN(Cuchilla del Carmen),PEREI(Pereira)
new,GTERRA(Central Rincón del Bonete),SARNEGRO(Alto Río Negro),CCARMEN(Cuchilla del Carmen),PPIEDRAS(Paso Las Piedras)
new,GTERRA(Central Rincón del Bonete),SARNEGRO(Alto Río Negro),CCHATO(Cerro Chato),AGUIAR(Aguiar)
new,GTERRA(Central Rincón del Bonete),SARNEGRO(Alto Río Negro),CCHATO(Cerro Chato),MAZAN(Mazangano)
new,GTERRA(Central Rincón del Bonete),SARNEGRO(Alto Río Negro),CCHATO(Cerro Chato),PEREI(Pereira)
new,GTERRA(Central Rincón del Bonete),SARNEGRO(Alto Río Negro),CCHATO(Cerro Chato),PPIEDRAS(Paso Las Piedras)
new,GTERRA(Central Rincón del Bonete),SARNEGRO(Alto Río Negro),CCUENTAS(Cerro de la Cuentas),AGUIAR(Aguiar)
new,GTERRA(Central Rincón del Bonete),SARNEGRO(Alto Río Negro),CCUENTAS(Cerro de la Cuentas),MAZAN(Mazangano)
new,GTERRA(Central Rincón del Bonete),SARNEGRO(Alto Río Negro),CCUENTAS(Cerro de la Cuentas),PEREI(Pereira)
new,GTERRA(Central Rincón del Bonete),SARNEGRO(Alto Río Negro),CCUENTAS(Cerro de la Cuentas),PPIEDRAS(Paso Las Piedras)
new,GTERRA(Central Rincón del Bonete),SARNEGRO(Alto Río Negro),CENTUR(Centurión),AGUIAR(Aguiar)
new,GTERRA(Central Rincón del Bonete),SARNEGRO(Alto Río Negro),CENTUR(Centurión),MAZAN(Mazangano)
new,GTERRA(Central Rincón del Bonete),SARNEGRO(Alto Río Negro),CENTUR(Centurión),PEREI(Pereira)
new,GTERRA(Central Rincón del Bonete),SARNEGRO(Alto Río Negro),CENTUR(Centurión),PPIEDRAS(Paso Las Piedras)
new,GTERRA(Central Rincón del Bonete),SARNEGRO(Alto Río Negro),CERRILLADA(Cerrillada),AGUIAR(Aguiar)
new,GTERRA(Central Rincón del Bonete),SARNEGRO(Alto Río Negro),CERRILLADA(Cerrillada),MAZAN(Mazangano)
new,GTERRA(Central Rincón del Bonete),SARNEGRO(Alto Río Negro),CERRILLADA(Cerrillada),PEREI(Pereira)
new,GTERRA(Central Rincón del Bonete),SARNEGRO(Alto Río Negro),CERRILLADA(Cerrillada),PPIEDRAS(Paso Las Piedras)
new,GTERRA(Central Rincón del Bonete),SARNEGRO(Alto Río Negro),CFARRUCO(Capilla Farruco),AGUIAR(Aguiar)
new,GTERRA(Central Rincón del Bonete),SARNEGRO(Alto Río Negro),CFARRUCO(Capilla Farruco),MAZAN(Mazangano)
new,GTERRA(Central Rincón del Bonete),SARNEGRO(Alto Río Negro),CFARRUCO(Capilla Farruco),PEREI(Pereira)
new,GTERRA(Central Rincón del Bonete),SARNEGRO(Alto Río Negro),CFARRUCO(Capilla Farruco),PPIEDRAS(Paso Las Piedras)
new,GTERRA(Central Rincón del Bonete),SARNEGRO(Alto Río Negro),EMMELO(E.M. Melo),AGUIAR(Aguiar)
new,GTERRA(Central Rincón del Bonete),SARNEGRO(Alto Río Negro),EMMELO(E.M. Melo),MAZAN(Mazangano)
new,GTERRA(Central Rincón del Bonete),SARNEGRO(Alto Río Negro),EMMELO(E.M. Melo),PEREI(Pereira)
new,GTERRA(Central Rincón del Bonete),SARNEGRO(Alto Río Negro),EMMELO(E.M. Melo),PPIEDRAS(Paso Las Piedras)
new,GTERRA(Central Rincón del Bonete),SARNEGRO(Alto Río Negro),FMUERTO(Fraile Muerto),AGUIAR(Aguiar)
new,GTERRA(Central Rincón del Bonete),SARNEGRO(Alto Río Negro),FMUERTO(Fraile Muerto),MAZAN(Mazangano)
new,GTERRA(Central Rincón del Bonete),SARNEGRO(Alto Río Negro),FMUERTO(Fraile Muerto),PEREI(Pereira)
new,GTERRA(Central Rincón del Bonete),SARNEGRO(Alto Río Negro),FMUERTO(Fraile Muerto),PPIEDRAS(Paso Las Piedras)
new,GTERRA(Central Rincón del Bonete),SARNEGRO(Alto Río Negro),HOSPITAL(Hospital),AGUIAR(Aguiar)
new,GTERRA(Central Rincón del Bonete),SARNEGRO(Alto Río Negro),HOSPITAL(Hospital),MAZAN(Mazangano)
new,GTERRA(Central Rincón del Bonete),SARNEGRO(Alto Río Negro),HOSPITAL(Hospital),PEREI(Pereira)
new,GTERRA(Central Rincón del Bonete),SARNEGRO(Alto Río Negro),HOSPITAL(Hospital),PPIEDRAS(Paso Las Piedras)
new,GTERRA(Central Rincón del Bonete),SARNEGRO(Alto Río Negro),LAGUNAII(Laguna II),AGUIAR(Aguiar)
new,GTERRA(Central Rincón del Bonete),SARNEGRO(Alto Río Negro),LAGUNAII(Laguna II),MAZAN(Mazangano)
new,GTERRA(Central Rincón del Bonete),SARNEGRO(Alto Río Negro),LAGUNAII(Laguna II),PEREI(Pereira)
new,GTERRA(Central Rincón del Bonete),SARNEGRO(Alto Río Negro),LAGUNAII(Laguna II),PPIEDRAS(Paso Las Piedras)
new,GTERRA(Central Rincón del Bonete),SARNEGRO(Alto Río Negro),LJUNCO(Laguna del Junco),AGUIAR(Aguiar)
new,GTERRA(Central Rincón del Bonete),SARNEGRO(Alto Río Negro),LJUNCO(Laguna del Junco),MAZAN(Mazangano)
new,GTERRA(Central Rincón del Bonete),SARNEGRO(Alto Río Negro),LJUNCO(Laguna del Junco),PEREI(Pereira)
new,GTERRA(Central Rincón del Bonete),SARNEGRO(Alto Río Negro),LJUNCO(Laguna del Junco),PPIEDRAS(Paso Las Piedras)
new,GTERRA(Central Rincón del Bonete),SARNEGRO(Alto Río Negro),MANGRU(Mangrullo),AGUIAR(Aguiar)
new,GTERRA(Central Rincón del Bonete),SARNEGRO(Alto Río Negro),MANGRU(Mangrullo),MAZAN(Mazangano)
new,GTERRA(Central Rincón del Bonete),SARNEGRO(Alto Río Negro),MANGRU(Mangrullo),PEREI(Pereira)
new,GTERRA(Central Rincón del Bonete),SARNEGRO(Alto Río Negro),MANGRU(Mangrullo),PPIEDRAS(Paso Las Piedras)
new,GTERRA(Central Rincón del Bonete),SARNEGRO(Alto Río Negro),NOBLIA(Pueblo Noblia),AGUIAR(Aguiar)
new,GTERRA(Central Rincón del Bonete),SARNEGRO(Alto Río Negro),NOBLIA(Pueblo Noblia),MAZAN(Mazangano)
new,GTERRA(Central Rincón del Bonete),SARNEGRO(Alto Río Negro),NOBLIA(Pueblo Noblia),PEREI(Pereira)
new,GTERRA(Central Rincón del Bonete),SARNEGRO(Alto Río Negro),NOBLIA(Pueblo Noblia),PPIEDRAS(Paso Las Piedras)
new,GTERRA(Central Rincón del Bonete),SARNEGRO(Alto Río Negro),PAGUIAR(Paso Aguiar),AGUIAR(Aguiar)
new,GTERRA(Central Rincón del Bonete),SARNEGRO(Alto Río Negro),PAGUIAR(Paso Aguiar),MAZAN(Mazangano)
new,GTERRA(Central Rincón del Bonete),SARNEGRO(Alto Río Negro),PAGUIAR(Paso Aguiar),PEREI(Pereira)
new,GTERRA(Central Rincón del Bonete),SARNEGRO(Alto Río Negro),PAGUIAR(Paso Aguiar),PPIEDRAS(Paso Las Piedras)
new,GTERRA(Central Rincón del Bonete),SARNEGRO(Alto Río Negro),PALLERO(Palleros),AGUIAR(Aguiar)
new,GTERRA(Central Rincón del Bonete),SARNEGRO(Alto Río Negro),PALLERO(Palleros),MAZAN(Mazangano)
new,GTERRA(Central Rincón del Bonete),SARNEGRO(Alto Río Negro),PALLERO(Palleros),PEREI(Pereira)
new,GTERRA(Central Rincón del Bonete),SARNEGRO(Alto Río Negro),PALLERO(Palleros),PPIEDRAS(Paso Las Piedras)
new,GTERRA(Central Rincón del Bonete),SARNEGRO(Alto Río Negro),PARBOL(Arbolito (Pereira)),AGUIAR(Aguiar)
new,GTERRA(Central Rincón del Bonete),SARNEGRO(Alto Río Negro),PARBOL(Arbolito (Pereira)),MAZAN(Mazangano)
new,GTERRA(Central Rincón del Bonete),SARNEGRO(Alto Río Negro),PARBOL(Arbolito (Pereira)),PEREI(Pereira)
new,GTERRA(Central Rincón del Bonete),SARNEGRO(Alto Río Negro),PARBOL(Arbolito (Pereira)),PPIEDRAS(Paso Las Piedras)
new,GTERRA(Central Rincón del Bonete),SARNEGRO(Alto Río Negro),PCARROS(Paso de los Carros),AGUIAR(Aguiar)
new,GTERRA(Central Rincón del Bonete),SARNEGRO(Alto Río Negro),PCARROS(Paso de los Carros),MAZAN(Mazangano)
new,GTERRA(Central Rincón del Bonete),SARNEGRO(Alto Río Negro),PCARROS(Paso de los Carros),PEREI(Pereira)
new,GTERRA(Central Rincón del Bonete),SARNEGRO(Alto Río Negro),PCARROS(Paso de los Carros),PPIEDRAS(Paso Las Piedras)
new,GTERRA(Central Rincón del Bonete),SARNEGRO(Alto Río Negro),PLPIEDRAS(Paso Las Piedras),AGUIAR(Aguiar)
new,GTERRA(Central Rincón del Bonete),SARNEGRO(Alto Río Negro),PLPIEDRAS(Paso Las Piedras),MAZAN(Mazangano)
new,GTERRA(Central Rincón del Bonete),SARNEGRO(Alto Río Negro),PLPIEDRAS(Paso Las Piedras),PEREI(Pereira)
new,GTERRA(Central Rincón del Bonete),SARNEGRO(Alto Río Negro),PLPIEDRAS(Paso Las Piedras),PPIEDRAS(Paso Las Piedras)
new,GTERRA(Central Rincón del Bonete),SARNEGRO(Alto Río Negro),PMAZAN(Paso Mazangano),AGUIAR(Aguiar)
new,GTERRA(Central Rincón del Bonete),SARNEGRO(Alto Río Negro),PMAZAN(Paso Mazangano),MAZAN(Mazangano)
new,GTERRA(Central Rincón del Bonete),SARNEGRO(Alto Río Negro),PMAZAN(Paso Mazangano),PEREI(Pereira)
new,GTERRA(Central Rincón del Bonete),SARNEGRO(Alto Río Negro),PMAZAN(Paso Mazangano),PPIEDRAS(Paso Las Piedras)
new,GTERRA(Central Rincón del Bonete),SARNEGRO(Alto Río Negro),PPEREI(Paso Pereira),AGUIAR(Aguiar)
new,GTERRA(Central Rincón del Bonete),SARNEGRO(Alto Río Negro),PPEREI(Paso Pereira),MAZAN(Mazangano)
new,GTERRA(Central Rincón del Bonete),SARNEGRO(Alto Río Negro),PPEREI(Paso Pereira),PEREI(Pereira)
new,GTERRA(Central Rincón del Bonete),SARNEGRO(Alto Río Negro),PPEREI(Paso Pereira),PPIEDRAS(Paso Las Piedras)
new,GTERRA(Central Rincón del Bonete),SARNEGRO(Alto Río Negro),PRAMIR(Paso Ramírez),AGUIAR(Aguiar)
new,GTERRA(Central Rincón del Bonete),SARNEGRO(Alto Río Negro),PRAMIR(Paso Ramírez),MAZAN(Mazangano)
new,GTERRA(Central Rincón del Bonete),SARNEGRO(Alto Río Negro),PRAMIR(Paso Ramírez),PEREI(Pereira)
new,GTERRA(Central Rincón del Bonete),SARNEGRO(Alto Río Negro),PRAMIR(Paso Ramírez),PPIEDRAS(Paso Las Piedras)
new,GTERRA(Central Rincón del Bonete),SARNEGRO(Alto Río Negro),PYEGUAS(Paso de las Yeguas),AGUIAR(Aguiar)
new,GTERRA(Central Rincón del Bonete),SARNEGRO(Alto Río Negro),PYEGUAS(Paso de las Yeguas),MAZAN(Mazangano)
new,GTERRA(Central Rincón del Bonete),SARNEGRO(Alto Río Negro),PYEGUAS(Paso de las Yeguas),PEREI(Pereira)
new,GTERRA(Central Rincón del Bonete),SARNEGRO(Alto Río Negro),PYEGUAS(Paso de las Yeguas),PPIEDRAS(Paso Las Piedras)
new,GTERRA(Central Rincón del Bonete),SARNEGRO(Alto Río Negro),QUEBRA(Quebracho),AGUIAR(Aguiar)
new,GTERRA(Central Rincón del Bonete),SARNEGRO(Alto Río Negro),QUEBRA(Quebracho),MAZAN(Mazangano)
new,GTERRA(Central Rincón del Bonete),SARNEGRO(Alto Río Negro),QUEBRA(Quebracho),PEREI(Pereira)
new,GTERRA(Central Rincón del Bonete),SARNEGRO(Alto Río Negro),QUEBRA(Quebracho),PPIEDRAS(Paso Las Piedras)
new,GTERRA(Central Rincón del Bonete),SARNEGRO(Alto Río Negro),SDIEGO(San Diego),AGUIAR(Aguiar)
new,GTERRA(Central Rincón del Bonete),SARNEGRO(Alto Río Negro),SDIEGO(San Diego),MAZAN(Mazangano)
new,GTERRA(Central Rincón del Bonete),SARNEGRO(Alto Río Negro),SDIEGO(San Diego),PEREI(Pereira)
new,GTERRA(Central Rincón del Bonete),SARNEGRO(Alto Río Negro),SDIEGO(San Diego),PPIEDRAS(Paso Las Piedras)
new,GTERRA(Central Rincón del Bonete),SARNEGRO(Alto Río Negro),TBOLICHE(Tres Boliches),AGUIAR(Aguiar)
new,GTERRA(Central Rincón del Bonete),SARNEGRO(Alto Río Negro),TBOLICHE(Tres Boliches),MAZAN(Mazangano)
new,GTERRA(Central Rincón del Bonete),SARNEGRO(Alto Río Negro),TBOLICHE(Tres Boliches),PEREI(Pereira)
new,GTERRA(Central Rincón del Bonete),SARNEGRO(Alto Río Negro),TBOLICHE(Tres Boliches),PPIEDRAS(Paso Las Piedras)
new,GTERRA(Central Rincón del Bonete),SARNEGRO(Alto Río Negro),TISLAS(Tres Islas),AGUIAR(Aguiar)
new,GTERRA(Central Rincón del Bonete),SARNEGRO(Alto Río Negro),TISLAS(Tres Islas),MAZAN(Mazangano)
new,GTERRA(Central Rincón del Bonete),SARNEGRO(Alto Río Negro),TISLAS(Tres Islas),PEREI(Pereira)
new,GTERRA(Central Rincón del Bonete),SARNEGRO(Alto Río Negro),TISLAS(Tres Islas),PPIEDRAS(Paso Las Piedras)
new,GTERRA(Central Rincón del Bonete),SARNEGRO(Alto Río Negro),VICHA(Vichadero),AGUIAR(Aguiar)
new,GTERRA(Central Rincón del Bonete),SARNEGRO(Alto Río Negro),VICHA(Vichadero),MAZAN(Mazangano)
new,GTERRA(Central Rincón del Bonete),SARNEGRO(Alto Río Negro),VICHA(Vichadero),PEREI(Pereira)
new,GTERRA(Central Rincón del Bonete),SARNEGRO(Alto Río Negro),VICHA(Vichadero),PPIEDRAS(Paso Las Piedras)
new,GTERRA(Central Rincón del Bonete),SDTERRA(Directa Rincón del Bonete),ACHAR(Achar),SGREGO(San Gregorio de Polanco)
new,GTERRA(Central Rincón del Bonete),SDTERRA(Directa Rincón del Bonete),ACHAR(Achar),TMARDER(Bonete Margen Derecha)
new,GTERRA(Central Rincón del Bonete),SDTERRA(Directa Rincón del Bonete),BLANQUI(Blanquillo),SGREGO(San Gregorio de Polanco)
new,GTERRA(Central Rincón del Bonete),SDTERRA(Directa Rincón del Bonete),BLANQUI(Blanquillo),TMARDER(Bonete Margen Derecha)
new,GTERRA(Central Rincón del Bonete),SDTERRA(Directa Rincón del Bonete),CARDOZO(Cardozo),SGREGO(San Gregorio de Polanco)
new,GTERRA(Central Rincón del Bonete),SDTERRA(Directa Rincón del Bonete),CARDOZO(Cardozo),TMARDER(Bonete Margen Derecha)
new,GTERRA(Central Rincón del Bonete),SDTERRA(Directa Rincón del Bonete),CFARRUCO(Capilla Farruco),SGREGO(San Gregorio de Polanco)
new,GTERRA(Central Rincón del Bonete),SDTERRA(Directa Rincón del Bonete),CFARRUCO(Capilla Farruco),TMARDER(Bonete Margen Derecha)
new,GTERRA(Central Rincón del Bonete),SDTERRA(Directa Rincón del Bonete),CLARA(Clara),SGREGO(San Gregorio de Polanco)
new,GTERRA(Central Rincón del Bonete),SDTERRA(Directa Rincón del Bonete),CLARA(Clara),TMARDER(Bonete Margen Derecha)
new,GTERRA(Central Rincón del Bonete),SDTERRA(Directa Rincón del Bonete),CURTINA(Curtina),SGREGO(San Gregorio de Polanco)
new,GTERRA(Central Rincón del Bonete),SDTERRA(Directa Rincón del Bonete),CURTINA(Curtina),TMARDER(Bonete Margen Derecha)
new,GTERRA(Central Rincón del Bonete),SDTERRA(Directa Rincón del Bonete),ELIBERIA(Est. La Iberia),SGREGO(San Gregorio de Polanco)
new,GTERRA(Central Rincón del Bonete),SDTERRA(Directa Rincón del Bonete),ELIBERIA(Est. La Iberia),TMARDER(Bonete Margen Derecha)
new,GTERRA(Central Rincón del Bonete),SDTERRA(Directa Rincón del Bonete),EMBONETE(E.M. Bonete),SGREGO(San Gregorio de Polanco)
new,GTERRA(Central Rincón del Bonete),SDTERRA(Directa Rincón del Bonete),EMBONETE(E.M. Bonete),TMARDER(Bonete Margen Derecha)
new,GTERRA(Central Rincón del Bonete),SDTERRA(Directa Rincón del Bonete),EOLAZO(Est. Olazo),SGREGO(San Gregorio de Polanco)
new,GTERRA(Central Rincón del Bonete),SDTERRA(Directa Rincón del Bonete),EOLAZO(Est. Olazo),TMARDER(Bonete Margen Derecha)
new,GTERRA(Central Rincón del Bonete),SDTERRA(Directa Rincón del Bonete),LPALOMA(La Paloma),SGREGO(San Gregorio de Polanco)
new,GTERRA(Central Rincón del Bonete),SDTERRA(Directa Rincón del Bonete),LPALOMA(La Paloma),TMARDER(Bonete Margen Derecha)
new,GTERRA(Central Rincón del Bonete),SDTERRA(Directa Rincón del Bonete),PCUADRA(Paso de los Cuadrados),SGREGO(San Gregorio de Polanco)
new,GTERRA(Central Rincón del Bonete),SDTERRA(Directa Rincón del Bonete),PCUADRA(Paso de los Cuadrados),TMARDER(Bonete Margen Derecha)
new,GTERRA(Central Rincón del Bonete),SDTERRA(Directa Rincón del Bonete),PERALTA(Peralta),SGREGO(San Gregorio de Polanco)
new,GTERRA(Central Rincón del Bonete),SDTERRA(Directa Rincón del Bonete),PERALTA(Peralta),TMARDER(Bonete Margen Derecha)
new,GTERRA(Central Rincón del Bonete),SDTERRA(Directa Rincón del Bonete),PHONDO(Paso Hondo),SGREGO(San Gregorio de Polanco)
new,GTERRA(Central Rincón del Bonete),SDTERRA(Directa Rincón del Bonete),PHONDO(Paso Hondo),TMARDER(Bonete Margen Derecha)
new,GTERRA(Central Rincón del Bonete),SDTERRA(Directa Rincón del Bonete),PRAMIR(Paso Ramírez),SGREGO(San Gregorio de Polanco)
new,GTERRA(Central Rincón del Bonete),SDTERRA(Directa Rincón del Bonete),PRAMIR(Paso Ramírez),TMARDER(Bonete Margen Derecha)
new,GTERRA(Central Rincón del Bonete),SDTERRA(Directa Rincón del Bonete),PSOLA(Piedra Sola),SGREGO(San Gregorio de Polanco)
new,GTERRA(Central Rincón del Bonete),SDTERRA(Directa Rincón del Bonete),PSOLA(Piedra Sola),TMARDER(Bonete Margen Derecha)
new,GTERRA(Central Rincón del Bonete),SDTERRA(Directa Rincón del Bonete),SGREGO(San Gregorio),SGREGO(San Gregorio de Polanco)
new,GTERRA(Central Rincón del Bonete),SDTERRA(Directa Rincón del Bonete),SGREGO(San Gregorio),TMARDER(Bonete Margen Derecha)
new,GTERRA(Central Rincón del Bonete),SDTERRA(Directa Rincón del Bonete),SJORGE(San Jorge),SGREGO(San Gregorio de Polanco)
new,GTERRA(Central Rincón del Bonete),SDTERRA(Directa Rincón del Bonete),SJORGE(San Jorge),TMARDER(Bonete Margen Derecha)
new,GTERRA(Central Rincón del Bonete),STACUA(Tacuarembó),ANSINA(Ansina),BORRA(Borracho)
new,GTERRA(Central Rincón del Bonete),STACUA(Tacuarembó),ANSINA(Ansina),COELHO(Coelho)
new,GTERRA(Central Rincón del Bonete),STACUA(Tacuarembó),ANSINA(Ansina),CUNAPIRU(Cuñapirú)
new,GTERRA(Central Rincón del Bonete),STACUA(Tacuarembó),ANSINA(Ansina),LAGUNA1(Laguna I)
new,GTERRA(Central Rincón del Bonete),STACUA(Tacuarembó),ANSINA(Ansina),LAGUNA2(Laguna II)
new,GTERRA(Central Rincón del Bonete),STACUA(Tacuarembó),ANSINA(Ansina),LTOSCAS(Las Toscas)
new,GTERRA(Central Rincón del Bonete),STACUA(Tacuarembó),ANSINA(Ansina),MDIAZ(Manuel Díaz)
new,GTERRA(Central Rincón del Bonete),STACUA(Tacuarembó),ANSINA(Ansina),NOVIL(Novillos)
new,GTERRA(Central Rincón del Bonete),STACUA(Tacuarembó),CARANORTE(Caraguatá Norte),BORRA(Borracho)
new,GTERRA(Central Rincón del Bonete),STACUA(Tacuarembó),CARANORTE(Caraguatá Norte),COELHO(Coelho)
new,GTERRA(Central Rincón del Bonete),STACUA(Tacuarembó),CARANORTE(Caraguatá Norte),CUNAPIRU(Cuñapirú)
new,GTERRA(Central Rincón del Bonete),STACUA(Tacuarembó),CARANORTE(Caraguatá Norte),LAGUNA1(Laguna I)
new,GTERRA(Central Rincón del Bonete),STACUA(Tacuarembó),CARANORTE(Caraguatá Norte),LAGUNA2(Laguna II)
new,GTERRA(Central Rincón del Bonete),STACUA(Tacuarembó),CARANORTE(Caraguatá Norte),LTOSCAS(Las Toscas)
new,GTERRA(Central Rincón del Bonete),STACUA(Tacuarembó),CARANORTE(Caraguatá Norte),MDIAZ(Manuel Díaz)
new,GTERRA(Central Rincón del Bonete),STACUA(Tacuarembó),CARANORTE(Caraguatá Norte),NOVIL(Novillos)
new,GTERRA(Central Rincón del Bonete),STACUA(Tacuarembó),CARASUR(Caraguatá Sur),BORRA(Borracho)
new,GTERRA(Central Rincón del Bonete),STACUA(Tacuarembó),CARASUR(Caraguatá Sur),COELHO(Coelho)
new,GTERRA(Central Rincón del Bonete),STACUA(Tacuarembó),CARASUR(Caraguatá Sur),CUNAPIRU(Cuñapirú)
new,GTERRA(Central Rincón del Bonete),STACUA(Tacuarembó),CARASUR(Caraguatá Sur),LAGUNA1(Laguna I)
new,GTERRA(Central Rincón del Bonete),STACUA(Tacuarembó),CARASUR(Caraguatá Sur),LAGUNA2(Laguna II)
new,GTERRA(Central Rincón del Bonete),STACUA(Tacuarembó),CARASUR(Caraguatá Sur),LTOSCAS(Las Toscas)
new,GTERRA(Central Rincón del Bonete),STACUA(Tacuarembó),CARASUR(Caraguatá Sur),MDIAZ(Manuel Díaz)
new,GTERRA(Central Rincón del Bonete),STACUA(Tacuarembó),CARASUR(Caraguatá Sur),NOVIL(Novillos)
new,GTERRA(Central Rincón del Bonete),STACUA(Tacuarembó),CLARA(Clara),BORRA(Borracho)
new,GTERRA(Central Rincón del Bonete),STACUA(Tacuarembó),CLARA(Clara),COELHO(Coelho)
new,GTERRA(Central Rincón del Bonete),STACUA(Tacuarembó),CLARA(Clara),CUNAPIRU(Cuñapirú)
new,GTERRA(Central Rincón del Bonete),STACUA(Tacuarembó),CLARA(Clara),LAGUNA1(Laguna I)
new,GTERRA(Central Rincón del Bonete),STACUA(Tacuarembó),CLARA(Clara),LAGUNA2(Laguna II)
new,GTERRA(Central Rincón del Bonete),STACUA(Tacuarembó),CLARA(Clara),LTOSCAS(Las Toscas)
new,GTERRA(Central Rincón del Bonete),STACUA(Tacuarembó),CLARA(Clara),MDIAZ(Manuel Díaz)
new,GTERRA(Central Rincón del Bonete),STACUA(Tacuarembó),CLARA(Clara),NOVIL(Novillos)
new,GTERRA(Central Rincón del Bonete),STACUA(Tacuarembó),COMBU(Cuchilla del Ombú),BORRA(Borracho)
new,GTERRA(Central Rincón del Bonete),STACUA(Tacuarembó),COMBU(Cuchilla del Ombú),COELHO(Coelho)
new,GTERRA(Central Rincón del Bonete),STACUA(Tacuarembó),COMBU(Cuchilla del Ombú),CUNAPIRU(Cuñapirú)
new,GTERRA(Central Rincón del Bonete),STACUA(Tacuarembó),COMBU(Cuchilla del Ombú),LAGUNA1(Laguna I)
new,GTERRA(Central Rincón del Bonete),STACUA(Tacuarembó),COMBU(Cuchilla del Ombú),LAGUNA2(Laguna II)
new,GTERRA(Central Rincón del Bonete),STACUA(Tacuarembó),COMBU(Cuchilla del Ombú),LTOSCAS(Las Toscas)
new,GTERRA(Central Rincón del Bonete),STACUA(Tacuarembó),COMBU(Cuchilla del Ombú),MDIAZ(Manuel Díaz)
new,GTERRA(Central Rincón del Bonete),STACUA(Tacuarembó),COMBU(Cuchilla del Ombú),NOVIL(Novillos)
new,GTERRA(Central Rincón del Bonete),STACUA(Tacuarembó),CPELADO(Cerro Pelado),BORRA(Borracho)
new,GTERRA(Central Rincón del Bonete),STACUA(Tacuarembó),CPELADO(Cerro Pelado),COELHO(Coelho)
new,GTERRA(Central Rincón del Bonete),STACUA(Tacuarembó),CPELADO(Cerro Pelado),CUNAPIRU(Cuñapirú)
new,GTERRA(Central Rincón del Bonete),STACUA(Tacuarembó),CPELADO(Cerro Pelado),LAGUNA1(Laguna I)
new,GTERRA(Central Rincón del Bonete),STACUA(Tacuarembó),CPELADO(Cerro Pelado),LAGUNA2(Laguna II)
new,GTERRA(Central Rincón del Bonete),STACUA(Tacuarembó),CPELADO(Cerro Pelado),LTOSCAS(Las Toscas)
new,GTERRA(Central Rincón del Bonete),STACUA(Tacuarembó),CPELADO(Cerro Pelado),MDIAZ(Manuel Díaz)
new,GTERRA(Central Rincón del Bonete),STACUA(Tacuarembó),CPELADO(Cerro Pelado),NOVIL(Novillos)
new,GTERRA(Central Rincón del Bonete),STACUA(Tacuarembó),CSAUCES(Cinco Sauces),BORRA(Borracho)
new,GTERRA(Central Rincón del Bonete),STACUA(Tacuarembó),CSAUCES(Cinco Sauces),COELHO(Coelho)
new,GTERRA(Central Rincón del Bonete),STACUA(Tacuarembó),CSAUCES(Cinco Sauces),CUNAPIRU(Cuñapirú)
new,GTERRA(Central Rincón del Bonete),STACUA(Tacuarembó),CSAUCES(Cinco Sauces),LAGUNA1(Laguna I)
new,GTERRA(Central Rincón del Bonete),STACUA(Tacuarembó),CSAUCES(Cinco Sauces),LAGUNA2(Laguna II)
new,GTERRA(Central Rincón del Bonete),STACUA(Tacuarembó),CSAUCES(Cinco Sauces),LTOSCAS(Las Toscas)
new,GTERRA(Central Rincón del Bonete),STACUA(Tacuarembó),CSAUCES(Cinco Sauces),MDIAZ(Manuel Díaz)
new,GTERRA(Central Rincón del Bonete),STACUA(Tacuarembó),CSAUCES(Cinco Sauces),NOVIL(Novillos)
new,GTERRA(Central Rincón del Bonete),STACUA(Tacuarembó),CTRAVIE(Cerro Travieso),BORRA(Borracho)
new,GTERRA(Central Rincón del Bonete),STACUA(Tacuarembó),CTRAVIE(Cerro Travieso),COELHO(Coelho)
new,GTERRA(Central Rincón del Bonete),STACUA(Tacuarembó),CTRAVIE(Cerro Travieso),CUNAPIRU(Cuñapirú)
new,GTERRA(Central Rincón del Bonete),STACUA(Tacuarembó),CTRAVIE(Cerro Travieso),LAGUNA1(Laguna I)
new,GTERRA(Central Rincón del Bonete),STACUA(Tacuarembó),CTRAVIE(Cerro Travieso),LAGUNA2(Laguna II)
new,GTERRA(Central Rincón del Bonete),STACUA(Tacuarembó),CTRAVIE(Cerro Travieso),LTOSCAS(Las Toscas)
new,GTERRA(Central Rincón del Bonete),STACUA(Tacuarembó),CTRAVIE(Cerro Travieso),MDIAZ(Manuel Díaz)
new,GTERRA(Central Rincón del Bonete),STACUA(Tacuarembó),CTRAVIE(Cerro Travieso),NOVIL(Novillos)
new,GTERRA(Central Rincón del Bonete),STACUA(Tacuarembó),CUÑAPIRU(Cuñapirú),BORRA(Borracho)
new,GTERRA(Central Rincón del Bonete),STACUA(Tacuarembó),CUÑAPIRU(Cuñapirú),COELHO(Coelho)
new,GTERRA(Central Rincón del Bonete),STACUA(Tacuarembó),CUÑAPIRU(Cuñapirú),CUNAPIRU(Cuñapirú)
new,GTERRA(Central Rincón del Bonete),STACUA(Tacuarembó),CUÑAPIRU(Cuñapirú),LAGUNA1(Laguna I)
new,GTERRA(Central Rincón del Bonete),STACUA(Tacuarembó),CUÑAPIRU(Cuñapirú),LAGUNA2(Laguna II)
new,GTERRA(Central Rincón del Bonete),STACUA(Tacuarembó),CUÑAPIRU(Cuñapirú),LTOSCAS(Las Toscas)
new,GTERRA(Central Rincón del Bonete),STACUA(Tacuarembó),CUÑAPIRU(Cuñapirú),MDIAZ(Manuel Díaz)
new,GTERRA(Central Rincón del Bonete),STACUA(Tacuarembó),CUÑAPIRU(Cuñapirú),NOVIL(Novillos)
new,GTERRA(Central Rincón del Bonete),STACUA(Tacuarembó),EATAQUES(Est. Ataques),BORRA(Borracho)
new,GTERRA(Central Rincón del Bonete),STACUA(Tacuarembó),EATAQUES(Est. Ataques),COELHO(Coelho)
new,GTERRA(Central Rincón del Bonete),STACUA(Tacuarembó),EATAQUES(Est. Ataques),CUNAPIRU(Cuñapirú)
new,GTERRA(Central Rincón del Bonete),STACUA(Tacuarembó),EATAQUES(Est. Ataques),LAGUNA1(Laguna I)
new,GTERRA(Central Rincón del Bonete),STACUA(Tacuarembó),EATAQUES(Est. Ataques),LAGUNA2(Laguna II)
new,GTERRA(Central Rincón del Bonete),STACUA(Tacuarembó),EATAQUES(Est. Ataques),LTOSCAS(Las Toscas)
new,GTERRA(Central Rincón del Bonete),STACUA(Tacuarembó),EATAQUES(Est. Ataques),MDIAZ(Manuel Díaz)
new,GTERRA(Central Rincón del Bonete),STACUA(Tacuarembó),EATAQUES(Est. Ataques),NOVIL(Novillos)
new,GTERRA(Central Rincón del Bonete),STACUA(Tacuarembó),EMRIVERA(E.M. Rivera),BORRA(Borracho)
new,GTERRA(Central Rincón del Bonete),STACUA(Tacuarembó),EMRIVERA(E.M. Rivera),COELHO(Coelho)
new,GTERRA(Central Rincón del Bonete),STACUA(Tacuarembó),EMRIVERA(E.M. Rivera),CUNAPIRU(Cuñapirú)
new,GTERRA(Central Rincón del Bonete),STACUA(Tacuarembó),EMRIVERA(E.M. Rivera),LAGUNA1(Laguna I)
new,GTERRA(Central Rincón del Bonete),STACUA(Tacuarembó),EMRIVERA(E.M. Rivera),LAGUNA2(Laguna II)
new,GTERRA(Central Rincón del Bonete),STACUA(Tacuarembó),EMRIVERA(E.M. Rivera),LTOSCAS(Las Toscas)
new,GTERRA(Central Rincón del Bonete),STACUA(Tacuarembó),EMRIVERA(E.M. Rivera),MDIAZ(Manuel Díaz)
new,GTERRA(Central Rincón del Bonete),STACUA(Tacuarembó),EMRIVERA(E.M. Rivera),NOVIL(Novillos)
new,GTERRA(Central Rincón del Bonete),STACUA(Tacuarembó),EMTACUA(E.M. Tacuarembó),BORRA(Borracho)
new,GTERRA(Central Rincón del Bonete),STACUA(Tacuarembó),EMTACUA(E.M. Tacuarembó),COELHO(Coelho)
new,GTERRA(Central Rincón del Bonete),STACUA(Tacuarembó),EMTACUA(E.M. Tacuarembó),CUNAPIRU(Cuñapirú)
new,GTERRA(Central Rincón del Bonete),STACUA(Tacuarembó),EMTACUA(E.M. Tacuarembó),LAGUNA1(Laguna I)
new,GTERRA(Central Rincón del Bonete),STACUA(Tacuarembó),EMTACUA(E.M. Tacuarembó),LAGUNA2(Laguna II)
new,GTERRA(Central Rincón del Bonete),STACUA(Tacuarembó),EMTACUA(E.M. Tacuarembó),LTOSCAS(Las Toscas)
new,GTERRA(Central Rincón del Bonete),STACUA(Tacuarembó),EMTACUA(E.M. Tacuarembó),MDIAZ(Manuel Díaz)
new,GTERRA(Central Rincón del Bonete),STACUA(Tacuarembó),EMTACUA(E.M. Tacuarembó),NOVIL(Novillos)
new,GTERRA(Central Rincón del Bonete),STACUA(Tacuarembó),LAGUNAII(Laguna II),BORRA(Borracho)
new,GTERRA(Central Rincón del Bonete),STACUA(Tacuarembó),LAGUNAII(Laguna II),COELHO(Coelho)
new,GTERRA(Central Rincón del Bonete),STACUA(Tacuarembó),LAGUNAII(Laguna II),CUNAPIRU(Cuñapirú)
new,GTERRA(Central Rincón del Bonete),STACUA(Tacuarembó),LAGUNAII(Laguna II),LAGUNA1(Laguna I)
new,GTERRA(Central Rincón del Bonete),STACUA(Tacuarembó),LAGUNAII(Laguna II),LAGUNA2(Laguna II)
new,GTERRA(Central Rincón del Bonete),STACUA(Tacuarembó),LAGUNAII(Laguna II),LTOSCAS(Las Toscas)
new,GTERRA(Central Rincón del Bonete),STACUA(Tacuarembó),LAGUNAII(Laguna II),MDIAZ(Manuel Díaz)
new,GTERRA(Central Rincón del Bonete),STACUA(Tacuarembó),LAGUNAII(Laguna II),NOVIL(Novillos)
new,GTERRA(Central Rincón del Bonete),STACUA(Tacuarembó),LCALERA(La Calera),BORRA(Borracho)
new,GTERRA(Central Rincón del Bonete),STACUA(Tacuarembó),LCALERA(La Calera),COELHO(Coelho)
new,GTERRA(Central Rincón del Bonete),STACUA(Tacuarembó),LCALERA(La Calera),CUNAPIRU(Cuñapirú)
new,GTERRA(Central Rincón del Bonete),STACUA(Tacuarembó),LCALERA(La Calera),LAGUNA1(Laguna I)
new,GTERRA(Central Rincón del Bonete),STACUA(Tacuarembó),LCALERA(La Calera),LAGUNA2(Laguna II)
new,GTERRA(Central Rincón del Bonete),STACUA(Tacuarembó),LCALERA(La Calera),LTOSCAS(Las Toscas)
new,GTERRA(Central Rincón del Bonete),STACUA(Tacuarembó),LCALERA(La Calera),MDIAZ(Manuel Díaz)
new,GTERRA(Central Rincón del Bonete),STACUA(Tacuarembó),LCALERA(La Calera),NOVIL(Novillos)
new,GTERRA(Central Rincón del Bonete),STACUA(Tacuarembó),LHILERA(La Hilera),BORRA(Borracho)
new,GTERRA(Central Rincón del Bonete),STACUA(Tacuarembó),LHILERA(La Hilera),COELHO(Coelho)
new,GTERRA(Central Rincón del Bonete),STACUA(Tacuarembó),LHILERA(La Hilera),CUNAPIRU(Cuñapirú)
new,GTERRA(Central Rincón del Bonete),STACUA(Tacuarembó),LHILERA(La Hilera),LAGUNA1(Laguna I)
new,GTERRA(Central Rincón del Bonete),STACUA(Tacuarembó),LHILERA(La Hilera),LAGUNA2(Laguna II)
new,GTERRA(Central Rincón del Bonete),STACUA(Tacuarembó),LHILERA(La Hilera),LTOSCAS(Las Toscas)
new,GTERRA(Central Rincón del Bonete),STACUA(Tacuarembó),LHILERA(La Hilera),MDIAZ(Manuel Díaz)
new,GTERRA(Central Rincón del Bonete),STACUA(Tacuarembó),LHILERA(La Hilera),NOVIL(Novillos)
new,GTERRA(Central Rincón del Bonete),STACUA(Tacuarembó),LPUENTE(La Puente),BORRA(Borracho)
new,GTERRA(Central Rincón del Bonete),STACUA(Tacuarembó),LPUENTE(La Puente),COELHO(Coelho)
new,GTERRA(Central Rincón del Bonete),STACUA(Tacuarembó),LPUENTE(La Puente),CUNAPIRU(Cuñapirú)
new,GTERRA(Central Rincón del Bonete),STACUA(Tacuarembó),LPUENTE(La Puente),LAGUNA1(Laguna I)
new,GTERRA(Central Rincón del Bonete),STACUA(Tacuarembó),LPUENTE(La Puente),LAGUNA2(Laguna II)
new,GTERRA(Central Rincón del Bonete),STACUA(Tacuarembó),LPUENTE(La Puente),LTOSCAS(Las Toscas)
new,GTERRA(Central Rincón del Bonete),STACUA(Tacuarembó),LPUENTE(La Puente),MDIAZ(Manuel Díaz)
new,GTERRA(Central Rincón del Bonete),STACUA(Tacuarembó),LPUENTE(La Puente),NOVIL(Novillos)
new,GTERRA(Central Rincón del Bonete),STACUA(Tacuarembó),LUJAN(Luján),BORRA(Borracho)
new,GTERRA(Central Rincón del Bonete),STACUA(Tacuarembó),LUJAN(Luján),COELHO(Coelho)
new,GTERRA(Central Rincón del Bonete),STACUA(Tacuarembó),LUJAN(Luján),CUNAPIRU(Cuñapirú)
new,GTERRA(Central Rincón del Bonete),STACUA(Tacuarembó),LUJAN(Luján),LAGUNA1(Laguna I)
new,GTERRA(Central Rincón del Bonete),STACUA(Tacuarembó),LUJAN(Luján),LAGUNA2(Laguna II)
new,GTERRA(Central Rincón del Bonete),STACUA(Tacuarembó),LUJAN(Luján),LTOSCAS(Las Toscas)
new,GTERRA(Central Rincón del Bonete),STACUA(Tacuarembó),LUJAN(Luján),MDIAZ(Manuel Díaz)
new,GTERRA(Central Rincón del Bonete),STACUA(Tacuarembó),LUJAN(Luján),NOVIL(Novillos)
new,GTERRA(Central Rincón del Bonete),STACUA(Tacuarembó),MCORRAL(Minas de Corrales),BORRA(Borracho)
new,GTERRA(Central Rincón del Bonete),STACUA(Tacuarembó),MCORRAL(Minas de Corrales),COELHO(Coelho)
new,GTERRA(Central Rincón del Bonete),STACUA(Tacuarembó),MCORRAL(Minas de Corrales),CUNAPIRU(Cuñapirú)
new,GTERRA(Central Rincón del Bonete),STACUA(Tacuarembó),MCORRAL(Minas de Corrales),LAGUNA1(Laguna I)
new,GTERRA(Central Rincón del Bonete),STACUA(Tacuarembó),MCORRAL(Minas de Corrales),LAGUNA2(Laguna II)
new,GTERRA(Central Rincón del Bonete),STACUA(Tacuarembó),MCORRAL(Minas de Corrales),LTOSCAS(Las Toscas)
new,GTERRA(Central Rincón del Bonete),STACUA(Tacuarembó),MCORRAL(Minas de Corrales),MDIAZ(Manuel Díaz)
new,GTERRA(Central Rincón del Bonete),STACUA(Tacuarembó),MCORRAL(Minas de Corrales),NOVIL(Novillos)
new,GTERRA(Central Rincón del Bonete),STACUA(Tacuarembó),MDIAZ(Manuel Díaz),BORRA(Borracho)
new,GTERRA(Central Rincón del Bonete),STACUA(Tacuarembó),MDIAZ(Manuel Díaz),COELHO(Coelho)
new,GTERRA(Central Rincón del Bonete),STACUA(Tacuarembó),MDIAZ(Manuel Díaz),CUNAPIRU(Cuñapirú)
new,GTERRA(Central Rincón del Bonete),STACUA(Tacuarembó),MDIAZ(Manuel Díaz),LAGUNA1(Laguna I)
new,GTERRA(Central Rincón del Bonete),STACUA(Tacuarembó),MDIAZ(Manuel Díaz),LAGUNA2(Laguna II)
new,GTERRA(Central Rincón del Bonete),STACUA(Tacuarembó),MDIAZ(Manuel Díaz),LTOSCAS(Las Toscas)
new,GTERRA(Central Rincón del Bonete),STACUA(Tacuarembó),MDIAZ(Manuel Díaz),MDIAZ(Manuel Díaz)
new,GTERRA(Central Rincón del Bonete),STACUA(Tacuarembó),MDIAZ(Manuel Díaz),NOVIL(Novillos)
new,GTERRA(Central Rincón del Bonete),STACUA(Tacuarembó),MOIRON(Moirones),BORRA(Borracho)
new,GTERRA(Central Rincón del Bonete),STACUA(Tacuarembó),MOIRON(Moirones),COELHO(Coelho)
new,GTERRA(Central Rincón del Bonete),STACUA(Tacuarembó),MOIRON(Moirones),CUNAPIRU(Cuñapirú)
new,GTERRA(Central Rincón del Bonete),STACUA(Tacuarembó),MOIRON(Moirones),LAGUNA1(Laguna I)
new,GTERRA(Central Rincón del Bonete),STACUA(Tacuarembó),MOIRON(Moirones),LAGUNA2(Laguna II)
new,GTERRA(Central Rincón del Bonete),STACUA(Tacuarembó),MOIRON(Moirones),LTOSCAS(Las Toscas)
new,GTERRA(Central Rincón del Bonete),STACUA(Tacuarembó),MOIRON(Moirones),MDIAZ(Manuel Díaz)
new,GTERRA(Central Rincón del Bonete),STACUA(Tacuarembó),MOIRON(Moirones),NOVIL(Novillos)
new,GTERRA(Central Rincón del Bonete),STACUA(Tacuarembó),PATAQUES(Paso Ataques),BORRA(Borracho)
new,GTERRA(Central Rincón del Bonete),STACUA(Tacuarembó),PATAQUES(Paso Ataques),COELHO(Coelho)
new,GTERRA(Central Rincón del Bonete),STACUA(Tacuarembó),PATAQUES(Paso Ataques),CUNAPIRU(Cuñapirú)
new,GTERRA(Central Rincón del Bonete),STACUA(Tacuarembó),PATAQUES(Paso Ataques),LAGUNA1(Laguna I)
new,GTERRA(Central Rincón del Bonete),STACUA(Tacuarembó),PATAQUES(Paso Ataques),LAGUNA2(Laguna II)
new,GTERRA(Central Rincón del Bonete),STACUA(Tacuarembó),PATAQUES(Paso Ataques),LTOSCAS(Las Toscas)
new,GTERRA(Central Rincón del Bonete),STACUA(Tacuarembó),PATAQUES(Paso Ataques),MDIAZ(Manuel Díaz)
new,GTERRA(Central Rincón del Bonete),STACUA(Tacuarembó),PATAQUES(Paso Ataques),NOVIL(Novillos)
new,GTERRA(Central Rincón del Bonete),STACUA(Tacuarembó),PCARRETA(Paso de las Carretas),BORRA(Borracho)
new,GTERRA(Central Rincón del Bonete),STACUA(Tacuarembó),PCARRETA(Paso de las Carretas),COELHO(Coelho)
new,GTERRA(Central Rincón del Bonete),STACUA(Tacuarembó),PCARRETA(Paso de las Carretas),CUNAPIRU(Cuñapirú)
new,GTERRA(Central Rincón del Bonete),STACUA(Tacuarembó),PCARRETA(Paso de las Carretas),LAGUNA1(Laguna I)
new,GTERRA(Central Rincón del Bonete),STACUA(Tacuarembó),PCARRETA(Paso de las Carretas),LAGUNA2(Laguna II)
new,GTERRA(Central Rincón del Bonete),STACUA(Tacuarembó),PCARRETA(Paso de las Carretas),LTOSCAS(Las Toscas)
new,GTERRA(Central Rincón del Bonete),STACUA(Tacuarembó),PCARRETA(Paso de las Carretas),MDIAZ(Manuel Díaz)
new,GTERRA(Central Rincón del Bonete),STACUA(Tacuarembó),PCARRETA(Paso de las Carretas),NOVIL(Novillos)
new,GTERRA(Central Rincón del Bonete),STACUA(Tacuarembó),PCOELHO(Picada de Coelho),BORRA(Borracho)
new,GTERRA(Central Rincón del Bonete),STACUA(Tacuarembó),PCOELHO(Picada de Coelho),COELHO(Coelho)
new,GTERRA(Central Rincón del Bonete),STACUA(Tacuarembó),PCOELHO(Picada de Coelho),CUNAPIRU(Cuñapirú)
new,GTERRA(Central Rincón del Bonete),STACUA(Tacuarembó),PCOELHO(Picada de Coelho),LAGUNA1(Laguna I)
new,GTERRA(Central Rincón del Bonete),STACUA(Tacuarembó),PCOELHO(Picada de Coelho),LAGUNA2(Laguna II)
new,GTERRA(Central Rincón del Bonete),STACUA(Tacuarembó),PCOELHO(Picada de Coelho),LTOSCAS(Las Toscas)
new,GTERRA(Central Rincón del Bonete),STACUA(Tacuarembó),PCOELHO(Picada de Coelho),MDIAZ(Manuel Díaz)
new,GTERRA(Central Rincón del Bonete),STACUA(Tacuarembó),PCOELHO(Picada de Coelho),NOVIL(Novillos)
new,GTERRA(Central Rincón del Bonete),STACUA(Tacuarembó),PCSAUCE(Puntas de Cinco Sauces),BORRA(Borracho)
new,GTERRA(Central Rincón del Bonete),STACUA(Tacuarembó),PCSAUCE(Puntas de Cinco Sauces),COELHO(Coelho)
new,GTERRA(Central Rincón del Bonete),STACUA(Tacuarembó),PCSAUCE(Puntas de Cinco Sauces),CUNAPIRU(Cuñapirú)
new,GTERRA(Central Rincón del Bonete),STACUA(Tacuarembó),PCSAUCE(Puntas de Cinco Sauces),LAGUNA1(Laguna I)
new,GTERRA(Central Rincón del Bonete),STACUA(Tacuarembó),PCSAUCE(Puntas de Cinco Sauces),LAGUNA2(Laguna II)
new,GTERRA(Central Rincón del Bonete),STACUA(Tacuarembó),PCSAUCE(Puntas de Cinco Sauces),LTOSCAS(Las Toscas)
new,GTERRA(Central Rincón del Bonete),STACUA(Tacuarembó),PCSAUCE(Puntas de Cinco Sauces),MDIAZ(Manuel Díaz)
new,GTERRA(Central Rincón del Bonete),STACUA(Tacuarembó),PCSAUCE(Puntas de Cinco Sauces),NOVIL(Novillos)
new,GTERRA(Central Rincón del Bonete),STACUA(Tacuarembó),PLAGUNA(Paso Laguna),BORRA(Borracho)
new,GTERRA(Central Rincón del Bonete),STACUA(Tacuarembó),PLAGUNA(Paso Laguna),COELHO(Coelho)
new,GTERRA(Central Rincón del Bonete),STACUA(Tacuarembó),PLAGUNA(Paso Laguna),CUNAPIRU(Cuñapirú)
new,GTERRA(Central Rincón del Bonete),STACUA(Tacuarembó),PLAGUNA(Paso Laguna),LAGUNA1(Laguna I)
new,GTERRA(Central Rincón del Bonete),STACUA(Tacuarembó),PLAGUNA(Paso Laguna),LAGUNA2(Laguna II)
new,GTERRA(Central Rincón del Bonete),STACUA(Tacuarembó),PLAGUNA(Paso Laguna),LTOSCAS(Las Toscas)
new,GTERRA(Central Rincón del Bonete),STACUA(Tacuarembó),PLAGUNA(Paso Laguna),MDIAZ(Manuel Díaz)
new,GTERRA(Central Rincón del Bonete),STACUA(Tacuarembó),PLAGUNA(Paso Laguna),NOVIL(Novillos)
new,GTERRA(Central Rincón del Bonete),STACUA(Tacuarembó),PMEDIO(Paso del Medio),BORRA(Borracho)
new,GTERRA(Central Rincón del Bonete),STACUA(Tacuarembó),PMEDIO(Paso del Medio),COELHO(Coelho)
new,GTERRA(Central Rincón del Bonete),STACUA(Tacuarembó),PMEDIO(Paso del Medio),CUNAPIRU(Cuñapirú)
new,GTERRA(Central Rincón del Bonete),STACUA(Tacuarembó),PMEDIO(Paso del Medio),LAGUNA1(Laguna I)
new,GTERRA(Central Rincón del Bonete),STACUA(Tacuarembó),PMEDIO(Paso del Medio),LAGUNA2(Laguna II)
new,GTERRA(Central Rincón del Bonete),STACUA(Tacuarembó),PMEDIO(Paso del Medio),LTOSCAS(Las Toscas)
new,GTERRA(Central Rincón del Bonete),STACUA(Tacuarembó),PMEDIO(Paso del Medio),MDIAZ(Manuel Díaz)
new,GTERRA(Central Rincón del Bonete),STACUA(Tacuarembó),PMEDIO(Paso del Medio),NOVIL(Novillos)
new,GTERRA(Central Rincón del Bonete),STACUA(Tacuarembó),PNOVIL(Paso de los Novillos),BORRA(Borracho)
new,GTERRA(Central Rincón del Bonete),STACUA(Tacuarembó),PNOVIL(Paso de los Novillos),COELHO(Coelho)
new,GTERRA(Central Rincón del Bonete),STACUA(Tacuarembó),PNOVIL(Paso de los Novillos),CUNAPIRU(Cuñapirú)
new,GTERRA(Central Rincón del Bonete),STACUA(Tacuarembó),PNOVIL(Paso de los Novillos),LAGUNA1(Laguna I)
new,GTERRA(Central Rincón del Bonete),STACUA(Tacuarembó),PNOVIL(Paso de los Novillos),LAGUNA2(Laguna II)
new,GTERRA(Central Rincón del Bonete),STACUA(Tacuarembó),PNOVIL(Paso de los Novillos),LTOSCAS(Las Toscas)
new,GTERRA(Central Rincón del Bonete),STACUA(Tacuarembó),PNOVIL(Paso de los Novillos),MDIAZ(Manuel Díaz)
new,GTERRA(Central Rincón del Bonete),STACUA(Tacuarembó),PNOVIL(Paso de los Novillos),NOVIL(Novillos)
new,GTERRA(Central Rincón del Bonete),STACUA(Tacuarembó),PTOSCAS(Paso de las Toscas),BORRA(Borracho)
new,GTERRA(Central Rincón del Bonete),STACUA(Tacuarembó),PTOSCAS(Paso de las Toscas),COELHO(Coelho)
new,GTERRA(Central Rincón del Bonete),STACUA(Tacuarembó),PTOSCAS(Paso de las Toscas),CUNAPIRU(Cuñapirú)
new,GTERRA(Central Rincón del Bonete),STACUA(Tacuarembó),PTOSCAS(Paso de las Toscas),LAGUNA1(Laguna I)
new,GTERRA(Central Rincón del Bonete),STACUA(Tacuarembó),PTOSCAS(Paso de las Toscas),LAGUNA2(Laguna II)
new,GTERRA(Central Rincón del Bonete),STACUA(Tacuarembó),PTOSCAS(Paso de las Toscas),LTOSCAS(Las Toscas)
new,GTERRA(Central Rincón del Bonete),STACUA(Tacuarembó),PTOSCAS(Paso de las Toscas),MDIAZ(Manuel Díaz)
new,GTERRA(Central Rincón del Bonete),STACUA(Tacuarembó),PTOSCAS(Paso de las Toscas),NOVIL(Novillos)
new,GTERRA(Central Rincón del Bonete),STACUA(Tacuarembó),SANJOAQUIN(Aldea San Joaquín),BORRA(Borracho)
new,GTERRA(Central Rincón del Bonete),STACUA(Tacuarembó),SANJOAQUIN(Aldea San Joaquín),COELHO(Coelho)
new,GTERRA(Central Rincón del Bonete),STACUA(Tacuarembó),SANJOAQUIN(Aldea San Joaquín),CUNAPIRU(Cuñapirú)
new,GTERRA(Central Rincón del Bonete),STACUA(Tacuarembó),SANJOAQUIN(Aldea San Joaquín),LAGUNA1(Laguna I)
new,GTERRA(Central Rincón del Bonete),STACUA(Tacuarembó),SANJOAQUIN(Aldea San Joaquín),LAGUNA2(Laguna II)
new,GTERRA(Central Rincón del Bonete),STACUA(Tacuarembó),SANJOAQUIN(Aldea San Joaquín),LTOSCAS(Las Toscas)
new,GTERRA(Central Rincón del Bonete),STACUA(Tacuarembó),SANJOAQUIN(Aldea San Joaquín),MDIAZ(Manuel Díaz)
new,GTERRA(Central Rincón del Bonete),STACUA(Tacuarembó),SANJOAQUIN(Aldea San Joaquín),NOVIL(Novillos)
new,GTERRA(Central Rincón del Bonete),STACUA(Tacuarembó),TRANQUE(Tranqueras),BORRA(Borracho)
new,GTERRA(Central Rincón del Bonete),STACUA(Tacuarembó),TRANQUE(Tranqueras),COELHO(Coelho)
new,GTERRA(Central Rincón del Bonete),STACUA(Tacuarembó),TRANQUE(Tranqueras),CUNAPIRU(Cuñapirú)
new,GTERRA(Central Rincón del Bonete),STACUA(Tacuarembó),TRANQUE(Tranqueras),LAGUNA1(Laguna I)
new,GTERRA(Central Rincón del Bonete),STACUA(Tacuarembó),TRANQUE(Tranqueras),LAGUNA2(Laguna II)
new,GTERRA(Central Rincón del Bonete),STACUA(Tacuarembó),TRANQUE(Tranqueras),LTOSCAS(Las Toscas)
new,GTERRA(Central Rincón del Bonete),STACUA(Tacuarembó),TRANQUE(Tranqueras),MDIAZ(Manuel Díaz)
new,GTERRA(Central Rincón del Bonete),STACUA(Tacuarembó),TRANQUE(Tranqueras),NOVIL(Novillos)
new,GTERRA(Central Rincón del Bonete),STACUA(Tacuarembó),VEDEN(Valle Edén),BORRA(Borracho)
new,GTERRA(Central Rincón del Bonete),STACUA(Tacuarembó),VEDEN(Valle Edén),COELHO(Coelho)
new,GTERRA(Central Rincón del Bonete),STACUA(Tacuarembó),VEDEN(Valle Edén),CUNAPIRU(Cuñapirú)
new,GTERRA(Central Rincón del Bonete),STACUA(Tacuarembó),VEDEN(Valle Edén),LAGUNA1(Laguna I)
new,GTERRA(Central Rincón del Bonete),STACUA(Tacuarembó),VEDEN(Valle Edén),LAGUNA2(Laguna II)
new,GTERRA(Central Rincón del Bonete),STACUA(Tacuarembó),VEDEN(Valle Edén),LTOSCAS(Las Toscas)
new,GTERRA(Central Rincón del Bonete),STACUA(Tacuarembó),VEDEN(Valle Edén),MDIAZ(Manuel Díaz)
new,GTERRA(Central Rincón del Bonete),STACUA(Tacuarembó),VEDEN(Valle Edén),NOVIL(Novillos)
new,GTERRA(Central Rincón del Bonete),STACUA(Tacuarembó),VICHA(Vichadero),BORRA(Borracho)
new,GTERRA(Central Rincón del Bonete),STACUA(Tacuarembó),VICHA(Vichadero),COELHO(Coelho)
new,GTERRA(Central Rincón del Bonete),STACUA(Tacuarembó),VICHA(Vichadero),CUNAPIRU(Cuñapirú)
new,GTERRA(Central Rincón del Bonete),STACUA(Tacuarembó),VICHA(Vichadero),LAGUNA1(Laguna I)
new,GTERRA(Central Rincón del Bonete),STACUA(Tacuarembó),VICHA(Vichadero),LAGUNA2(Laguna II)
new,GTERRA(Central Rincón del Bonete),STACUA(Tacuarembó),VICHA(Vichadero),LTOSCAS(Las Toscas)
new,GTERRA(Central Rincón del Bonete),STACUA(Tacuarembó),VICHA(Vichadero),MDIAZ(Manuel Díaz)
new,GTERRA(Central Rincón del Bonete),STACUA(Tacuarembó),VICHA(Vichadero),NOVIL(Novillos)
new,PALMAR(Central Constitución),SAGSUR(Arroyo Grande del Sur),CARDONA(Cardona),LUGO(Lugo)
new,PALMAR(Central Constitución),SAGSUR(Arroyo Grande del Sur),CORRAL(Corralito),LUGO(Lugo)
new,PALMAR(Central Constitución),SAGSUR(Arroyo Grande del Sur),CPERDIDO(Cuchilla del Perdido),LUGO(Lugo)
new,PALMAR(Central Constitución),SAGSUR(Arroyo Grande del Sur),ELTALA(El Tala),LUGO(Lugo)
new,PALMAR(Central Constitución),SAGSUR(Arroyo Grande del Sur),EMTRINI(E.M. Trinidad),LUGO(Lugo)
new,PALMAR(Central Constitución),SAGSUR(Arroyo Grande del Sur),MARIN(Marincho),LUGO(Lugo)
new,PALMAR(Central Constitución),SAGSUR(Arroyo Grande del Sur),PLUGO(Paso de Lugo),LUGO(Lugo)
new,PALMAR(Central Constitución),SAGSUR(Arroyo Grande del Sur),PSAUCE(Puntas del Sauce),LUGO(Lugo)
new,PALMAR(Central Constitución),SAGSUR(Arroyo Grande del Sur),RODO(Rodó),LUGO(Lugo)
new,PALMAR(Central Constitución),SAGSUR(Arroyo Grande del Sur),SADELA(Santa Adelaida),LUGO(Lugo)
new,PALMAR(Central Constitución),SAGSUR(Arroyo Grande del Sur),SCATAL(Santa Catalina),LUGO(Lugo)
new,PALMAR(Central Constitución),SRIOYI(Río Yí),BARRAPORON(Barra de Porongos),BPORONGOS(Barra de Porongos)
new,PALMAR(Central Constitución),SRIOYI(Río Yí),BARRAPORON(Barra de Porongos),DURAZ(Durazno)
new,PALMAR(Central Constitución),SRIOYI(Río Yí),BARRAPORON(Barra de Porongos),POLADELYI(Polanco del Yí)
new,PALMAR(Central Constitución),SRIOYI(Río Yí),BARRAPORON(Barra de Porongos),SARDELYI(Sarandí del Yí)
new,PALMAR(Central Constitución),SRIOYI(Río Yí),CCHATO(Cerro Chato),BPORONGOS(Barra de Porongos)
new,PALMAR(Central Constitución),SRIOYI(Río Yí),CCHATO(Cerro Chato),DURAZ(Durazno)
new,PALMAR(Central Constitución),SRIOYI(Río Yí),CCHATO(Cerro Chato),POLADELYI(Polanco del Yí)
new,PALMAR(Central Constitución),SRIOYI(Río Yí),CCHATO(Cerro Chato),SARDELYI(Sarandí del Yí)
new,PALMAR(Central Constitución),SRIOYI(Río Yí),CCOLOR(Cerro Colorado),BPORONGOS(Barra de Porongos)
new,PALMAR(Central Constitución),SRIOYI(Río Yí),CCOLOR(Cerro Colorado),DURAZ(Durazno)
new,PALMAR(Central Constitución),SRIOYI(Río Yí),CCOLOR(Cerro Colorado),POLADELYI(Polanco del Yí)
new,PALMAR(Central Constitución),SRIOYI(Río Yí),CCOLOR(Cerro Colorado),SARDELYI(Sarandí del Yí)
new,PALMAR(Central Constitución),SRIOYI(Río Yí),CHAMANGA(Chamangá),BPORONGOS(Barra de Porongos)
new,PALMAR(Central Constitución),SRIOYI(Río Yí),CHAMANGA(Chamangá),DURAZ(Durazno)
new,PALMAR(Central Constitución),SRIOYI(Río Yí),CHAMANGA(Chamangá),POLADELYI(Polanco del Yí)
new,PALMAR(Central Constitución),SRIOYI(Río Yí),CHAMANGA(Chamangá),SARDELYI(Sarandí del Yí)
new,PALMAR(Central Constitución),SRIOYI(Río Yí),CRRIUS(Col. Rossell y Rius),BPORONGOS(Barra de Porongos)
new,PALMAR(Central Constitución),SRIOYI(Río Yí),CRRIUS(Col. Rossell y Rius),DURAZ(Durazno)
new,PALMAR(Central Constitución),SRIOYI(Río Yí),CRRIUS(Col. Rossell y Rius),POLADELYI(Polanco del Yí)
new,PALMAR(Central Constitución),SRIOYI(Río Yí),CRRIUS(Col. Rossell y Rius),SARDELYI(Sarandí del Yí)
new,PALMAR(Central Constitución),SRIOYI(Río Yí),DGALLINAL(Dr. Gallinal),BPORONGOS(Barra de Porongos)
new,PALMAR(Central Constitución),SRIOYI(Río Yí),DGALLINAL(Dr. Gallinal),DURAZ(Durazno)
new,PALMAR(Central Constitución),SRIOYI(Río Yí),DGALLINAL(Dr. Gallinal),POLADELYI(Polanco del Yí)
new,PALMAR(Central Constitución),SRIOYI(Río Yí),DGALLINAL(Dr. Gallinal),SARDELYI(Sarandí del Yí)
new,PALMAR(Central Constitución),SRIOYI(Río Yí),EMDURAZ(E.M. Durazno),BPORONGOS(Barra de Porongos)
new,PALMAR(Central Constitución),SRIOYI(Río Yí),EMDURAZ(E.M. Durazno),DURAZ(Durazno)
new,PALMAR(Central Constitución),SRIOYI(Río Yí),EMDURAZ(E.M. Durazno),POLADELYI(Polanco del Yí)
new,PALMAR(Central Constitución),SRIOYI(Río Yí),EMDURAZ(E.M. Durazno),SARDELYI(Sarandí del Yí)
new,PALMAR(Central Constitución),SRIOYI(Río Yí),EMTRINI(E.M. Trinidad),BPORONGOS(Barra de Porongos)
new,PALMAR(Central Constitución),SRIOYI(Río Yí),EMTRINI(E.M. Trinidad),DURAZ(Durazno)
new,PALMAR(Central Constitución),SRIOYI(Río Yí),EMTRINI(E.M. Trinidad),POLADELYI(Polanco del Yí)
new,PALMAR(Central Constitución),SRIOYI(Río Yí),EMTRINI(E.M. Trinidad),SARDELYI(Sarandí del Yí)
new,PALMAR(Central Constitución),SRIOYI(Río Yí),FELICIANO(Feliciano),BPORONGOS(Barra de Porongos)
new,PALMAR(Central Constitución),SRIOYI(Río Yí),FELICIANO(Feliciano),DURAZ(Durazno)
new,PALMAR(Central Constitución),SRIOYI(Río Yí),FELICIANO(Feliciano),POLADELYI(Polanco del Yí)
new,PALMAR(Central Constitución),SRIOYI(Río Yí),FELICIANO(Feliciano),SARDELYI(Sarandí del Yí)
new,PALMAR(Central Constitución),SRIOYI(Río Yí),GONI(Goñi),BPORONGOS(Barra de Porongos)
new,PALMAR(Central Constitución),SRIOYI(Río Yí),GONI(Goñi),DURAZ(Durazno)
new,PALMAR(Central Constitución),SRIOYI(Río Yí),GONI(Goñi),POLADELYI(Polanco del Yí)
new,PALMAR(Central Constitución),SRIOYI(Río Yí),GONI(Goñi),SARDELYI(Sarandí del Yí)
new,PALMAR(Central Constitución),SRIOYI(Río Yí),MANSAVI(Mansavillagra),BPORONGOS(Barra de Porongos)
new,PALMAR(Central Constitución),SRIOYI(Río Yí),MANSAVI(Mansavillagra),DURAZ(Durazno)
new,PALMAR(Central Constitución),SRIOYI(Río Yí),MANSAVI(Mansavillagra),POLADELYI(Polanco del Yí)
new,PALMAR(Central Constitución),SRIOYI(Río Yí),MANSAVI(Mansavillagra),SARDELYI(Sarandí del Yí)
new,PALMAR(Central Constitución),SRIOYI(Río Yí),NPEREZ(Nico Perez),BPORONGOS(Barra de Porongos)
new,PALMAR(Central Constitución),SRIOYI(Río Yí),NPEREZ(Nico Perez),DURAZ(Durazno)
new,PALMAR(Central Constitución),SRIOYI(Río Yí),NPEREZ(Nico Perez),POLADELYI(Polanco del Yí)
new,PALMAR(Central Constitución),SRIOYI(Río Yí),NPEREZ(Nico Perez),SARDELYI(Sarandí del Yí)
new,PALMAR(Central Constitución),SRIOYI(Río Yí),PANTANO(Pantanoso),BPORONGOS(Barra de Porongos)
new,PALMAR(Central Constitución),SRIOYI(Río Yí),PANTANO(Pantanoso),DURAZ(Durazno)
new,PALMAR(Central Constitución),SRIOYI(Río Yí),PANTANO(Pantanoso),POLADELYI(Polanco del Yí)
new,PALMAR(Central Constitución),SRIOYI(Río Yí),PANTANO(Pantanoso),SARDELYI(Sarandí del Yí)
new,PALMAR(Central Constitución),SRIOYI(Río Yí),PDELBOTE(Paso del Bote),BPORONGOS(Barra de Porongos)
new,PALMAR(Central Constitución),SRIOYI(Río Yí),PDELBOTE(Paso del Bote),DURAZ(Durazno)
new,PALMAR(Central Constitución),SRIOYI(Río Yí),PDELBOTE(Paso del Bote),POLADELYI(Polanco del Yí)
new,PALMAR(Central Constitución),SRIOYI(Río Yí),PDELBOTE(Paso del Bote),SARDELYI(Sarandí del Yí)
new,PALMAR(Central Constitución),SRIOYI(Río Yí),PINTOS(Pintos),BPORONGOS(Barra de Porongos)
new,PALMAR(Central Constitución),SRIOYI(Río Yí),PINTOS(Pintos),DURAZ(Durazno)
new,PALMAR(Central Constitución),SRIOYI(Río Yí),PINTOS(Pintos),POLADELYI(Polanco del Yí)
new,PALMAR(Central Constitución),SRIOYI(Río Yí),PINTOS(Pintos),SARDELYI(Sarandí del Yí)
new,PALMAR(Central Constitución),SRIOYI(Río Yí),PMACIEL(Puntas de Maciel),BPORONGOS(Barra de Porongos)
new,PALMAR(Central Constitución),SRIOYI(Río Yí),PMACIEL(Puntas de Maciel),DURAZ(Durazno)
new,PALMAR(Central Constitución),SRIOYI(Río Yí),PMACIEL(Puntas de Maciel),POLADELYI(Polanco del Yí)
new,PALMAR(Central Constitución),SRIOYI(Río Yí),PMACIEL(Puntas de Maciel),SARDELYI(Sarandí del Yí)
new,PALMAR(Central Constitución),SRIOYI(Río Yí),POLYI(Polanco del Yi),BPORONGOS(Barra de Porongos)
new,PALMAR(Central Constitución),SRIOYI(Río Yí),POLYI(Polanco del Yi),DURAZ(Durazno)
new,PALMAR(Central Constitución),SRIOYI(Río Yí),POLYI(Polanco del Yi),POLADELYI(Polanco del Yí)
new,PALMAR(Central Constitución),SRIOYI(Río Yí),POLYI(Polanco del Yi),SARDELYI(Sarandí del Yí)
new,PALMAR(Central Constitución),SRIOYI(Río Yí),PORONGOS(Porongos - Aviación),BPORONGOS(Barra de Porongos)
new,PALMAR(Central Constitución),SRIOYI(Río Yí),PORONGOS(Porongos - Aviación),DURAZ(Durazno)
new,PALMAR(Central Constitución),SRIOYI(Río Yí),PORONGOS(Porongos - Aviación),POLADELYI(Polanco del Yí)
new,PALMAR(Central Constitución),SRIOYI(Río Yí),PORONGOS(Porongos - Aviación),SARDELYI(Sarandí del Yí)
new,PALMAR(Central Constitución),SRIOYI(Río Yí),SARGRAN(Sarandí Grande),BPORONGOS(Barra de Porongos)
new,PALMAR(Central Constitución),SRIOYI(Río Yí),SARGRAN(Sarandí Grande),DURAZ(Durazno)
new,PALMAR(Central Constitución),SRIOYI(Río Yí),SARGRAN(Sarandí Grande),POLADELYI(Polanco del Yí)
new,PALMAR(Central Constitución),SRIOYI(Río Yí),SARGRAN(Sarandí Grande),SARDELYI(Sarandí del Yí)
new,PALMAR(Central Constitución),SRIOYI(Río Yí),SARYI(Sarandí del Yi),BPORONGOS(Barra de Porongos)
new,PALMAR(Central Constitución),SRIOYI(Río Yí),SARYI(Sarandí del Yi),DURAZ(Durazno)
new,PALMAR(Central Constitución),SRIOYI(Río Yí),SARYI(Sarandí del Yi),POLADELYI(Polanco del Yí)
new,PALMAR(Central Constitución),SRIOYI(Río Yí),SARYI(Sarandí del Yi),SARDELYI(Sarandí del Yí)
new,PALMAR(Central Constitución),SRIOYI(Río Yí),VCARMEN(Villa Carmen),BPORONGOS(Barra de Porongos)
new,PALMAR(Central Constitución),SRIOYI(Río Yí),VCARMEN(Villa Carmen),DURAZ(Durazno)
new,PALMAR(Central Constitución),SRIOYI(Río Yí),VCARMEN(Villa Carmen),POLADELYI(Polanco del Yí)
new,PALMAR(Central Constitución),SRIOYI(Río Yí),VCARMEN(Villa Carmen),SARDELYI(Sarandí del Yí)
